;Noms_R;ID_ech;Bioreacteur;Inoculum;Material;Day;Campaign;Camp_graph;Camp_Day_Mat;graphe_ATB;Camp_Day;campaign  ;Dosage;FQ1;FQ2;ATB_type;ATB
VD-DBIbiofilm-ech55bis_GGACGG-JNFP8_L001;APBJ0_bis;28;0;Sewer BF;0;J00;A_envt;BF_envt;Biofilm;Biofilm;Biofilm;autre;;;;envt;/
VD-DBIbiofilm-ech60_GAGAAC-JNFP8_L001;AJ07B1C;32;B1;WW;C;J07;A;A;AJ07C;AJ07C;AJ07;autre;;;;0;/
VD-DBIbiofilm-ech61_TGGTGT-JNFP8_L001;AJ14B1C;33;B1;WW;C;J14;A;A;AJ14C;AJ14C;AJ14;autre;;;;0;/
VD-DBIbiofilm-ech62_AAACAA-JNFP8_L001;AJ14B1P;34;B1;WW;P;J14;A;A;AJ14P;AJ14P;AJ14;autre;;;;0;/
VD-DBIbiofilm-ech63_AGGGAT-JNFP8_L001;AJ14B3P;35;B3;BF;P;J14;A;A;AJ14P;AJ14P;AJ14;autre;;;;0;/
VD-DBIbiofilm-ech68_GCAATA-JNFP8_L001;AJ07B2C;38;B2;WW;C;J07;A;A;AJ07C;AJ07C;AJ07;autre;;;;0;/
VD-DBIbiofilm-ech69_CAATTA-JNFP8_L001;AJ07B3C;39;B3;BF;C;J07;A;A;AJ07C;AJ07C;AJ07;autre;;;;0;0
VD-DBIbiofilm-ech70_CAATGC-JNFP8_L001;AJ07B4C;40;B4;BF;C;J07;A;A;AJ07C;AJ07C;AJ07;autre;;;;0;0
VD-DBIbiofilm-ech71_TGTTCG-JNFP8_L001;AJ07B1P;41;B1;WW;P;J07;A;A;AJ07P;AJ07P;AJ07;autre;;;;0;/
VD-DBIbiofilm-ech72_CCAACA-JNFP8_L001;AJ07B2P;42;B2;WW;P;J07;A;A;AJ07P;AJ07P;AJ07;autre;;;;0;/
VD-DBIbiofilm-ech73_CTACCG-JNFP8_L001;AJ07B3P;43;B3;BF;P;J07;A;A;AJ07P;AJ07P;AJ07;autre;;;;0;/
VD-DBIbiofilm-ech74_TCGTTC-JNFP8_L001;AJ07B4P;44;B4;BF;P;J07;A;A;AJ07P;AJ07P;AJ07;autre;;;;0;/
VD-DBIbiofilm-ech75_GCGATG-JNFP8_L001;AJ14B2C;45;B2;WW;C;J14;A;A;AJ14C;AJ14C;AJ14;autre;;;;0;/
VD-DBIbiofilm-ech76_ATATAA-JNFP8_L001;AJ14B3C;46;B3;BF;C;J14;A;A;AJ14C;AJ14C;AJ14;autre;;;;0;0
VD-DBIbiofilm-ech77_ATACTG-JNFP8_L001;AJ14B4C;47;B4;BF;C;J14;A;A;AJ14C;AJ14C;AJ14;autre;;;;0;0
VD-DBIbiofilm-ech78_GGAGAG-JNFP8_L001;AJ14B2P;48;B2;WW;P;J14;A;A;AJ14P;AJ14P;AJ14;autre;;;;0;/
VD-DBIbiofilm-ech79_ACGAGA-JNFP8_L001;AJ14B4P;49;B4;BF;P;J14;A;A;AJ14P;AJ14P;AJ14;autre;;;;0;/
VD-DBIbiofilm-ech54_ACCTCA-JNFP8_L001;APEJ0;26;0;WW_envt;0;J00;A_envt;WW_envt;Inoc;Inoc;Inoc;autre;;;;envt;/
VD-DBIbiofilm-ech55_CCCGAG-JNFP8_L001;APBJ0;27;0;Sewer BF;0;J00;A_envt;BF_envt;Biofilm;Biofilm;Biofilm;autre;;;;envt;/
VD-DBIbiofilm-ech57_GTGCTG-JNFP8_L001;APEJ21;30;0;WW_envt;0;J21;A_envt;WW_envt;Inoc;Inoc;Inoc;autre;;;;envt;/
VD-DBIbiofilm-ech34_TCCATT-JNFP8_L001;BJ14B4P;25;B4;BF;P;J14;B;B;BJ14P;BJ14P;BJ14;autre;;;;0;/
VD-DBIbiofilm-ech80_ATTACA-JNFP8_L001;BJ07B1C;50;B1;WW;C;J07;B;B;BJ07C;BJ07C;BJ07;autre;;;;0;/
VD-DBIbiofilm-ech81_TGATTT-JNFP8_L001;BJ07B2C;51;B2;WW;C;J07;B;B;BJ07C;BJ07C;BJ07;autre;;;;0;/
VD-DBIbiofilm-ech82_GGGGTG-JNFP8_L001;BJ07B3C;52;B3;BF;C;J07;B;B;BJ07C;BJ07C;BJ07;autre;;;;0;0
VD-DBIbiofilm-ech83_ACAAAA-JNFP8_L001;BJ07B4C;53;B4;BF;C;J07;B;B;BJ07C;BJ07C;BJ07;autre;;;;0;0
VD-DBIbiofilm-ech84_CTCCAG-JNFP8_L001;BJ07B1P;54;B1;WW;P;J07;B;B;BJ07P;BJ07P;BJ07;autre;;;;0;/
VD-DBIbiofilm-ech85_GGTGTT-JNFP8_L001;BJ07B2P;55;B2;WW;P;J07;B;B;BJ07P;BJ07P;BJ07;autre;;;;0;/
VD-DBIbiofilm-ech86_CGGGAG-JNFP8_L001;BJ07B3P;56;B3;BF;P;J07;B;B;BJ07P;BJ07P;BJ07;autre;;;;0;/
VD-DBIbiofilm-ech87_TGGTAG-JNFP8_L001;BJ07B4P;57;B4;BF;P;J07;B;B;BJ07P;BJ07P;BJ07;autre;;;;0;/
VD-DBIbiofilm-ech90_AACCGA-JNFP8_L001;BJ14B1C;58;B1;WW;C;J14;B;B;BJ14C;BJ14C;BJ14;autre;;;;0;/
VD-DBIbiofilm-ech91_GGCAAT-JNFP8_L001;BJ14B2C;59;B2;WW;C;J14;B;B;BJ14C;BJ14C;BJ14;autre;;;;0;/
VD-DBIbiofilm-ech92_CCTTGA-JNFP8_L001;BJ14B3C;60;B3;BF;C;J14;B;B;BJ14C;BJ14C;BJ14;autre;;;;0;0
VD-DBIbiofilm-ech93_GTTTCT-JNFP8_L001;BJ14B4C;61;B4;BF;C;J14;B;B;BJ14C;BJ14C;BJ14;autre;;;;0;0
VD-DBIbiofilm-ech94_ACACGC-JNFP8_L001;BJ14B1P;62;B1;WW;P;J14;B;B;BJ14P;BJ14P;BJ14;autre;;;;0;/
VD-DBIbiofilm-ech95_GTGGGG-JNFP8_L001;BJ14B2P;63;B2;WW;P;J14;B;B;BJ14P;BJ14P;BJ14;autre;;;;0;/
VD-DBIbiofilm-ech96_CACCCA-JNFP8_L001;BJ14B3P;64;B3;BF;P;J14;B;B;BJ14P;BJ14P;BJ14;autre;;;;0;/
VD-DBIbiofilm-ech56_GGTATA-JNFP8_L001;BPEJ0;29;0;WW_envt;0;J00;B_envt;WW_envt;Inoc;Inoc;Inoc;autre;;;;envt;/
VD-DBIbiofilm-ech58_CCCTCC-JNFP8_L001;BPEJ14;31;0;WW_envt;0;J14_envt;B_envt;WW_envt;Inoc;Inoc;Inoc;autre;;;;envt;/
DBIbiofilm119_TGCGCT-K37J4_L001;CPEJ0;17;0;WW_envt;0;J00;C_envt;WW_envt;Inoc;Inoc;Inoc;autre;;;;envt;/
DBIbiofilm120_ACGATC-K37J4_L001;DPEJ0;18;0;WW_envt;0;J00;D_envt;WW_envt;Inoc;Inoc;Inoc;autre;;;;envt;/
DBIbiofilm100_GTCGGC-K37J4_L001;EJ14B3C11;2;B3;BF;C;J14;E;E;EJ14CB3;FQ2 (high);EJ14CB3;E (high);H;0;1;FQ2;1
DBIbiofilm101_TGTAAA-K37J4_L001;EJ14B4C11;3;B4;BF;C;J14;E;E;EJ14CB4;FQ1+FQ2 (high);EJ14CB4;E (high);H;1;1;FQ1+FQ2;2
DBIbiofilm102_CAGCGT-K37J4_L001;EJ14B1C12;4;B1;BF;C;J14;E;E;EJ14CB1;0=témoin (high);EJ14CB1;E (high);H;0;0;0;0
DBIbiofilm103_GGATCA-K37J4_L001;EJ14B2C12;5;B2;BF;C;J14;E;E;EJ14CB2;FQ1 (high);EJ14CB2;E (high);H;1;0;FQ1;1
DBIbiofilm104_CCCCAT-K37J4_L001;EJ14B3C12;6;B3;BF;C;J14;E;E;EJ14CB3;FQ2 (high);EJ14CB3;E (high);H;0;1;FQ2;1
DBIbiofilm105_CCTCCC-K37J4_L001;EJ14B4C12;7;B4;BF;C;J14;E;E;EJ14CB4;FQ1+FQ2 (high);EJ14CB4;E (high);H;1;1;FQ1+FQ2;2
DBIbiofilm98_CCGTCA-K37J4_L001;EJ14B1C11;22;B1;BF;C;J14;E;E;EJ14CB1;0=témoin (high);EJ14CB1;E (high);H;0;0;0;0
DBIbiofilm99_CATCCT-K37J4_L001;EJ14B2C11;23;B2;BF;C;J14;E;E;EJ14CB2;FQ1 (high);EJ14CB2;E (high);H;1;0;FQ1;1
DBIbiofilm121_CGCTCT-K37J4_L001;EPEJ0;19;0;WW_envt;0;J00;E_envt;WW_envt;Inoc;Inoc;Inoc;autre;;;;envt;/
DBIbiofilm109_CCTGCT-K37J4_L001;FJ14B1C11 ;8;B1;BF;C;J14;F;F;FJ14CB1;0=témoin (low);FJ14CB1;F (low);L;0;0;0;0
DBIbiofilm110_TTACTC-K37J4_L001;FJ14B2C11;9;B2;BF;C;J14;F;F;FJ14CB2;FQ1 (low);FJ14CB2;F (low);L;1;0;FQ1;1
DBIbiofilm111_ATTAGG-K37J4_L001;FJ14B3C11;10;B3;BF;C;J14;F;F;FJ14CB3;FQ2 (low);FJ14CB3;F (low);L;0;1;FQ2;1
DBIbiofilm112_GCCTAA-K37J4_L001;FJ14B4C11;11;B4;BF;C;J14;F;F;FJ14CB4;FQ1+FQ2 (low);FJ14CB4;F (low);L;1;1;FQ1+FQ2;2
DBIbiofilm113_AAAGCG-K37J4_L001;FJ14B1C12;12;B1;BF;C;J14;F;F;FJ14CB1;0=témoin (low);FJ14CB1;F (low);L;0;0;0;0
DBIbiofilm114_TTGCTA-K37J4_L001;FJ14B2C12;13;B2;BF;C;J14;F;F;FJ14CB2;FQ1 (low);FJ14CB2;F (low);L;1;0;FQ1;1
DBIbiofilm115_TCTTCT-K37J4_L001;FJ14B3C12;14;B3;BF;C;J14;F;F;FJ14CB3;FQ2 (low);FJ14CB3;F (low);L;0;1;FQ2;1
DBIbiofilm116_CTACTA-K37J4_L001;FJ14B4C12;15;B4;BF;C;J14;F;F;FJ14CB4;FQ1+FQ2 (low);FJ14CB4;F (low);L;1;1;FQ1+FQ2;2
DBIbiofilm122_GATAGA-K37J4_L001;FPEJ0;20;0;WW_envt;0;J00;F_envt;WW_envt;Inoc;Inoc;Inoc;autre;;;;envt;/
