;ID_ech;Bioreacteur;Inoculum;Material;Day;Campain;Dosage;FQ1;FQ2;ATB_type
DBIbiofilm100_GTCGGC-K37J4_L001;2;B3;BF;C;J14;E;H;0;1;FQ2
DBIbiofilm101_TGTAAA-K37J4_L001;3;B4;BF;C;J14;E;H;1;0;FQ1+FQ2
DBIbiofilm102_CAGCGT-K37J4_L001;4;B1;BF;C;J14;E;H;0;0;0
DBIbiofilm103_GGATCA-K37J4_L001;5;B2;BF;C;J14;E;H;1;0;FQ1
DBIbiofilm104_CCCCAT-K37J4_L001;6;B3;BF;C;J14;E;H;0;1;FQ2
DBIbiofilm105_CCTCCC-K37J4_L001;7;B4;BF;C;J14;E;H;1;1;FQ1+FQ2
DBIbiofilm109_CCTGCT-K37J4_L001;8;B1;BF;C;J14;F;H;0;0;0
DBIbiofilm110_TTACTC-K37J4_L001;9;B2;BF;C;J14;F;L;1;0;FQ1
DBIbiofilm111_ATTAGG-K37J4_L001;10;B3;BF;C;J14;F;L;0;1;FQ2
DBIbiofilm112_GCCTAA-K37J4_L001;11;B4;BF;C;J14;F;L;1;1;FQ1+FQ2
DBIbiofilm113_AAAGCG-K37J4_L001;12;B1;BF;C;J14;F;L;0;0;0
DBIbiofilm114_TTGCTA-K37J4_L001;13;B2;BF;C;J14;F;L;1;0;FQ1
DBIbiofilm115_TCTTCT-K37J4_L001;14;B3;BF;C;J14;F;L;0;1;FQ2
DBIbiofilm116_CTACTA-K37J4_L001;15;B4;BF;C;J14;F;L;1;1;FQ1+FQ2
DBIbiofilm119_TGCGCT-K37J4_L001;17;0;W;0;J00;C;H;0;0;0
DBIbiofilm120_ACGATC-K37J4_L001;18;0;W;0;J00;D;H;0;0;0
DBIbiofilm121_CGCTCT-K37J4_L001;19;0;W;0;J00;E;H;0;0;0
DBIbiofilm122_GATAGA-K37J4_L001;20;0;W;0;J00;F;H;0;0;0
DBIbiofilm98_CCGTCA-K37J4_L001;22;B1;BF;C;J14;E;H;0;0;0
DBIbiofilm99_CATCCT-K37J4_L001;23;B2;BF;C;J14;E;H;1;0;FQ1
VD-DBIbiofilm-ech34_TCCATT-JNFP8_L001;25;B4;BF;P;J14;B;;;;0
VD-DBIbiofilm-ech54_ACCTCA-JNFP8_L001;26;0;W;0;J00;A;;;;0
VD-DBIbiofilm-ech55_CCCGAG-JNFP8_L001;27;0;W;0;J00;A;;;;0
VD-DBIbiofilm-ech55bis_GGACGG-JNFP8_L001;28;0;W;0;J00;A;;;;0
VD-DBIbiofilm-ech56_GGTATA-JNFP8_L001;29;0;W;0;J00;B;;;;0
VD-DBIbiofilm-ech57_GTGCTG-JNFP8_L001;30;0;W;0;J21;A;;;;0
VD-DBIbiofilm-ech58_CCCTCC-JNFP8_L001;31;0;W;0;J14;B;;;;0
VD-DBIbiofilm-ech60_GAGAAC-JNFP8_L001;32;B1;W;C;J07;A;;;;0
VD-DBIbiofilm-ech61_TGGTGT-JNFP8_L001;33;B1;W;C;J14;A;;;;0
VD-DBIbiofilm-ech62_AAACAA-JNFP8_L001;34;B1;W;P;J14;A;;;;0
VD-DBIbiofilm-ech63_AGGGAT-JNFP8_L001;35;B3;BF;P;J14;A;;;;0
VD-DBIbiofilm-ech68_GCAATA-JNFP8_L001;38;B2;W;C;J07;A;;;;0
VD-DBIbiofilm-ech69_CAATTA-JNFP8_L001;39;B3;BF;C;J07;A;;;;0
VD-DBIbiofilm-ech70_CAATGC-JNFP8_L001;40;B4;BF;C;J07;A;;;;0
VD-DBIbiofilm-ech71_TGTTCG-JNFP8_L001;41;B1;W;P;J07;A;;;;0
VD-DBIbiofilm-ech72_CCAACA-JNFP8_L001;42;B2;W;P;J07;A;;;;0
VD-DBIbiofilm-ech73_CTACCG-JNFP8_L001;43;B3;BF;P;J07;A;;;;0
VD-DBIbiofilm-ech74_TCGTTC-JNFP8_L001;44;B4;BF;P;J07;A;;;;0
VD-DBIbiofilm-ech75_GCGATG-JNFP8_L001;45;B2;W;C;J14;A;;;;0
VD-DBIbiofilm-ech76_ATATAA-JNFP8_L001;46;B3;BF;C;J14;A;;;;0
VD-DBIbiofilm-ech77_ATACTG-JNFP8_L001;47;B4;BF;C;J14;A;;;;0
VD-DBIbiofilm-ech78_GGAGAG-JNFP8_L001;48;B2;W;P;J14;A;;;;0
VD-DBIbiofilm-ech79_ACGAGA-JNFP8_L001;49;B4;BF;P;J14;A;;;;0
VD-DBIbiofilm-ech80_ATTACA-JNFP8_L001;50;B1;W;C;J07;B;;;;0
VD-DBIbiofilm-ech81_TGATTT-JNFP8_L001;51;B2;W;C;J07;B;;;;0
VD-DBIbiofilm-ech82_GGGGTG-JNFP8_L001;52;B3;BF;C;J07;B;;;;0
VD-DBIbiofilm-ech83_ACAAAA-JNFP8_L001;53;B4;BF;C;J07;B;;;;0
VD-DBIbiofilm-ech84_CTCCAG-JNFP8_L001;54;B1;W;P;J07;B;;;;0
VD-DBIbiofilm-ech85_GGTGTT-JNFP8_L001;55;B2;W;P;J07;B;;;;0
VD-DBIbiofilm-ech86_CGGGAG-JNFP8_L001;56;B3;BF;P;J07;B;;;;0
VD-DBIbiofilm-ech87_TGGTAG-JNFP8_L001;57;B4;BF;P;J07;B;;;;0
VD-DBIbiofilm-ech90_AACCGA-JNFP8_L001;58;B1;W;C;J14;B;;;;0
VD-DBIbiofilm-ech91_GGCAAT-JNFP8_L001;59;B2;W;C;J14;B;;;;0
VD-DBIbiofilm-ech92_CCTTGA-JNFP8_L001;60;B3;BF;C;J14;B;;;;0
VD-DBIbiofilm-ech93_GTTTCT-JNFP8_L001;61;B4;BF;C;J14;B;;;;0
VD-DBIbiofilm-ech94_ACACGC-JNFP8_L001;62;B1;W;P;J14;B;;;;0
VD-DBIbiofilm-ech95_GTGGGG-JNFP8_L001;63;B2;W;P;J14;B;;;;0
VD-DBIbiofilm-ech96_CACCCA-JNFP8_L001;64;B3;BF;P;J14;B;;;;0
